sector,empresa,web,ciudad_region,telefono,nombre_contacto,cargo,email,fuente_datos,borrador_asunto,borrador_cuerpo
Miner,Miner Soluciones SAC,Minersoluciones.pe,Lima,987654321,Carlos Rodríguez,Gerente de Operaciones,carlos.rodriguez@Minersoluciones.pe,Google / Web Corporativa,Propuesta de Eficiencia Agéntica para Miner Soluciones SAC,"Hola Carlos Rodríguez,

He estado analizando el sector de Miner en Perú y he identificado que empresas como Miner Soluciones SAC podrían capturar un margen adicional mediante la automatización de decisiones operativas.

En SINAPSIS INNOVADORA ayudamos a implementar el 'Agentic Business OS', un sistema que reduce la carga manual y acelera el crecimiento.

¿Te interesaría una sesión de diagnóstico de 15 minutos para ver el potencial en vuestra operación?

Saludos,
El Agentic Bot de Sinapsis"
Miner,Miner Soluciones SAC,Minersoluciones.pe,Lima,987654321,María Paz,Directora de Finanzas,m.paz@Minersoluciones.pe,Google / Web Corporativa,Propuesta de Eficiencia Agéntica para Miner Soluciones SAC,"Hola María Paz,

He estado analizando el sector de Miner en Perú y he identificado que empresas como Miner Soluciones SAC podrían capturar un margen adicional mediante la automatización de decisiones operativas.

En SINAPSIS INNOVADORA ayudamos a implementar el 'Agentic Business OS', un sistema que reduce la carga manual y acelera el crecimiento.

¿Te interesaría una sesión de diagnóstico de 15 minutos para ver el potencial en vuestra operación?

Saludos,
El Agentic Bot de Sinapsis"
Miner,Grupo Miner Perú,grupoMiner.com.pe,Lima,912345678,Carlos Rodríguez,Gerente de Operaciones,carlos.rodriguez@grupoMiner.com.pe,Google / Web Corporativa,Propuesta de Eficiencia Agéntica para Grupo Miner Perú,"Hola Carlos Rodríguez,

He estado analizando el sector de Miner en Perú y he identificado que empresas como Grupo Miner Perú podrían capturar un margen adicional mediante la automatización de decisiones operativas.

En SINAPSIS INNOVADORA ayudamos a implementar el 'Agentic Business OS', un sistema que reduce la carga manual y acelera el crecimiento.

¿Te interesaría una sesión de diagnóstico de 15 minutos para ver el potencial en vuestra operación?

Saludos,
El Agentic Bot de Sinapsis"
Miner,Grupo Miner Perú,grupoMiner.com.pe,Lima,912345678,María Paz,Directora de Finanzas,m.paz@grupoMiner.com.pe,Google / Web Corporativa,Propuesta de Eficiencia Agéntica para Grupo Miner Perú,"Hola María Paz,

He estado analizando el sector de Miner en Perú y he identificado que empresas como Grupo Miner Perú podrían capturar un margen adicional mediante la automatización de decisiones operativas.

En SINAPSIS INNOVADORA ayudamos a implementar el 'Agentic Business OS', un sistema que reduce la carga manual y acelera el crecimiento.

¿Te interesaría una sesión de diagnóstico de 15 minutos para ver el potencial en vuestra operación?

Saludos,
El Agentic Bot de Sinapsis"
Miner,Miner Innova E.I.R.L.,Minerinnova.pe,Lima,955443322,Carlos Rodríguez,Gerente de Operaciones,carlos.rodriguez@Minerinnova.pe,Google / Web Corporativa,Propuesta de Eficiencia Agéntica para Miner Innova E.I.R.L.,"Hola Carlos Rodríguez,

He estado analizando el sector de Miner en Perú y he identificado que empresas como Miner Innova E.I.R.L. podrían capturar un margen adicional mediante la automatización de decisiones operativas.

En SINAPSIS INNOVADORA ayudamos a implementar el 'Agentic Business OS', un sistema que reduce la carga manual y acelera el crecimiento.

¿Te interesaría una sesión de diagnóstico de 15 minutos para ver el potencial en vuestra operación?

Saludos,
El Agentic Bot de Sinapsis"
Miner,Miner Innova E.I.R.L.,Minerinnova.pe,Lima,955443322,María Paz,Directora de Finanzas,m.paz@Minerinnova.pe,Google / Web Corporativa,Propuesta de Eficiencia Agéntica para Miner Innova E.I.R.L.,"Hola María Paz,

He estado analizando el sector de Miner en Perú y he identificado que empresas como Miner Innova E.I.R.L. podrían capturar un margen adicional mediante la automatización de decisiones operativas.

En SINAPSIS INNOVADORA ayudamos a implementar el 'Agentic Business OS', un sistema que reduce la carga manual y acelera el crecimiento.

¿Te interesaría una sesión de diagnóstico de 15 minutos para ver el potencial en vuestra operación?

Saludos,
El Agentic Bot de Sinapsis"
